"test","statistic","p_value"
"Energy by Model",0.966515881184438,0.616770712650988
"Energy by Prompt Type",0.858763559045653,0.650911377103052
"Response Time by Model",36.6545454545455,1.09790960932516e-08
"Response Time by Prompt Type",6.20785634118968,0.0448725885531453
"GPU Utilization by Model",20.5963228699552,3.36949886983118e-05
"CPU Utilization by Model",48.5455300280008,2.87390292159046e-11
